system:index,area_km2,year,class,band,class_name,.geo
0_0_0,5983.741658,1985,3,classification_1985,Forest Formation,"{""type"":""MultiPoint"",""coordinates"":[]}"
0_0_1,9167.95793,1985,4,classification_1985,Savanna Formation,"{""type"":""MultiPoint"",""coordinates"":[]}"
0_0_2,979.5184196,1985,11,classification_1985,Wetland,"{""type"":""MultiPoint"",""coordinates"":[]}"
0_0_3,840.0943156,1985,12,classification_1985,"Grassland (Pastizal, Formación Herbácea)","{""type"":""MultiPoint"",""coordinates"":[]}"
0_0_4,2751.512287,1985,15,classification_1985,Pasture,"{""type"":""MultiPoint"",""coordinates"":[]}"
0_0_5,0.3673233436,1985,20,classification_1985,Sugar Cane,"{""type"":""MultiPoint"",""coordinates"":[]}"
0_0_6,5851.250333,1985,21,classification_1985,Mosaic of Agriculture and Pasture,"{""type"":""MultiPoint"",""coordinates"":[]}"
0_0_7,55.74763157,1985,24,classification_1985,Urban Infrastructure,"{""type"":""MultiPoint"",""coordinates"":[]}"
0_0_8,312.0021536,1985,25,classification_1985,Other Non Vegetated Area,"{""type"":""MultiPoint"",""coordinates"":[]}"
0_0_9,288.3815186,1985,29,classification_1985,Rocky outcrop,"{""type"":""MultiPoint"",""coordinates"":[]}"
0_0_10,228.1594762,1985,33,classification_1985,"River, Lake and Ocean","{""type"":""MultiPoint"",""coordinates"":[]}"
0_0_11,1031.647884,1985,39,classification_1985,Soy Beans,"{""type"":""MultiPoint"",""coordinates"":[]}"
0_0_12,234.6400323,1985,41,classification_1985,Mosaic of Crops,"{""type"":""MultiPoint"",""coordinates"":[]}"
1_0_0,5776.421779,1986,3,classification_1986,Forest Formation,"{""type"":""MultiPoint"",""coordinates"":[]}"
1_0_1,8749.158732,1986,4,classification_1986,Savanna Formation,"{""type"":""MultiPoint"",""coordinates"":[]}"
1_0_2,633.6103325,1986,11,classification_1986,Wetland,"{""type"":""MultiPoint"",""coordinates"":[]}"
1_0_3,1182.418475,1986,12,classification_1986,"Grassland (Pastizal, Formación Herbácea)","{""type"":""MultiPoint"",""coordinates"":[]}"
1_0_4,3215.764437,1986,15,classification_1986,Pasture,"{""type"":""MultiPoint"",""coordinates"":[]}"
1_0_5,0.3681835984,1986,20,classification_1986,Sugar Cane,"{""type"":""MultiPoint"",""coordinates"":[]}"
1_0_6,6166.499136,1986,21,classification_1986,Mosaic of Agriculture and Pasture,"{""type"":""MultiPoint"",""coordinates"":[]}"
1_0_7,62.0546656,1986,24,classification_1986,Urban Infrastructure,"{""type"":""MultiPoint"",""coordinates"":[]}"
1_0_8,200.2012791,1986,25,classification_1986,Other Non Vegetated Area,"{""type"":""MultiPoint"",""coordinates"":[]}"
1_0_9,288.4133094,1986,29,classification_1986,Rocky outcrop,"{""type"":""MultiPoint"",""coordinates"":[]}"
1_0_10,183.2594374,1986,33,classification_1986,"River, Lake and Ocean","{""type"":""MultiPoint"",""coordinates"":[]}"
1_0_11,1223.236554,1986,39,classification_1986,Soy Beans,"{""type"":""MultiPoint"",""coordinates"":[]}"
1_0_12,43.6146423,1986,41,classification_1986,Mosaic of Crops,"{""type"":""MultiPoint"",""coordinates"":[]}"
2_0_0,5638.36467,1987,3,classification_1987,Forest Formation,"{""type"":""MultiPoint"",""coordinates"":[]}"
2_0_1,8553.257526,1987,4,classification_1987,Savanna Formation,"{""type"":""MultiPoint"",""coordinates"":[]}"
2_0_2,723.2404296,1987,11,classification_1987,Wetland,"{""type"":""MultiPoint"",""coordinates"":[]}"
2_0_3,1017.184968,1987,12,classification_1987,"Grassland (Pastizal, Formación Herbácea)","{""type"":""MultiPoint"",""coordinates"":[]}"
2_0_4,3785.184288,1987,15,classification_1987,Pasture,"{""type"":""MultiPoint"",""coordinates"":[]}"
2_0_5,0.1333375182,1987,20,classification_1987,Sugar Cane,"{""type"":""MultiPoint"",""coordinates"":[]}"
2_0_6,5784.355319,1987,21,classification_1987,Mosaic of Agriculture and Pasture,"{""type"":""MultiPoint"",""coordinates"":[]}"
2_0_7,64.65659434,1987,24,classification_1987,Urban Infrastructure,"{""type"":""MultiPoint"",""coordinates"":[]}"
2_0_8,175.1181471,1987,25,classification_1987,Other Non Vegetated Area,"{""type"":""MultiPoint"",""coordinates"":[]}"
2_0_9,288.3318486,1987,29,classification_1987,Rocky outcrop,"{""type"":""MultiPoint"",""coordinates"":[]}"
2_0_10,229.3760198,1987,33,classification_1987,"River, Lake and Ocean","{""type"":""MultiPoint"",""coordinates"":[]}"
2_0_11,1442.733517,1987,39,classification_1987,Soy Beans,"{""type"":""MultiPoint"",""coordinates"":[]}"
2_0_12,23.08429627,1987,41,classification_1987,Mosaic of Crops,"{""type"":""MultiPoint"",""coordinates"":[]}"
3_0_0,5506.065291,1988,3,classification_1988,Forest Formation,"{""type"":""MultiPoint"",""coordinates"":[]}"
3_0_1,8337.276342,1988,4,classification_1988,Savanna Formation,"{""type"":""MultiPoint"",""coordinates"":[]}"
3_0_2,0.03007598938,1988,9,classification_1988,Forest Plantation,"{""type"":""MultiPoint"",""coordinates"":[]}"
3_0_3,822.8410307,1988,11,classification_1988,Wetland,"{""type"":""MultiPoint"",""coordinates"":[]}"
3_0_4,923.960917,1988,12,classification_1988,"Grassland (Pastizal, Formación Herbácea)","{""type"":""MultiPoint"",""coordinates"":[]}"
3_0_5,4388.526671,1988,15,classification_1988,Pasture,"{""type"":""MultiPoint"",""coordinates"":[]}"
3_0_6,0.03010894525,1988,20,classification_1988,Sugar Cane,"{""type"":""MultiPoint"",""coordinates"":[]}"
3_0_7,5403.296516,1988,21,classification_1988,Mosaic of Agriculture and Pasture,"{""type"":""MultiPoint"",""coordinates"":[]}"
3_0_8,67.24590084,1988,24,classification_1988,Urban Infrastructure,"{""type"":""MultiPoint"",""coordinates"":[]}"
3_0_9,189.6773757,1988,25,classification_1988,Other Non Vegetated Area,"{""type"":""MultiPoint"",""coordinates"":[]}"
3_0_10,288.3636396,1988,29,classification_1988,Rocky outcrop,"{""type"":""MultiPoint"",""coordinates"":[]}"
3_0_11,224.1109951,1988,33,classification_1988,"River, Lake and Ocean","{""type"":""MultiPoint"",""coordinates"":[]}"
3_0_12,1539.197519,1988,39,classification_1988,Soy Beans,"{""type"":""MultiPoint"",""coordinates"":[]}"
3_0_13,34.3985789,1988,41,classification_1988,Mosaic of Crops,"{""type"":""MultiPoint"",""coordinates"":[]}"
4_0_0,5490.038008,1989,3,classification_1989,Forest Formation,"{""type"":""MultiPoint"",""coordinates"":[]}"
4_0_1,8068.979956,1989,4,classification_1989,Savanna Formation,"{""type"":""MultiPoint"",""coordinates"":[]}"
4_0_2,0.3054621683,1989,9,classification_1989,Forest Plantation,"{""type"":""MultiPoint"",""coordinates"":[]}"
4_0_3,805.0392986,1989,11,classification_1989,Wetland,"{""type"":""MultiPoint"",""coordinates"":[]}"
4_0_4,914.2739123,1989,12,classification_1989,"Grassland (Pastizal, Formación Herbácea)","{""type"":""MultiPoint"",""coordinates"":[]}"
4_0_5,4967.579142,1989,15,classification_1989,Pasture,"{""type"":""MultiPoint"",""coordinates"":[]}"
4_0_6,0.02150639093,1989,20,classification_1989,Sugar Cane,"{""type"":""MultiPoint"",""coordinates"":[]}"
4_0_7,4936.727715,1989,21,classification_1989,Mosaic of Agriculture and Pasture,"{""type"":""MultiPoint"",""coordinates"":[]}"
4_0_8,69.92872521,1989,24,classification_1989,Urban Infrastructure,"{""type"":""MultiPoint"",""coordinates"":[]}"
4_0_9,197.6189692,1989,25,classification_1989,Other Non Vegetated Area,"{""type"":""MultiPoint"",""coordinates"":[]}"
4_0_10,288.3311551,1989,29,classification_1989,Rocky outcrop,"{""type"":""MultiPoint"",""coordinates"":[]}"
4_0_11,282.3361886,1989,33,classification_1989,"River, Lake and Ocean","{""type"":""MultiPoint"",""coordinates"":[]}"
4_0_12,1578.319003,1989,39,classification_1989,Soy Beans,"{""type"":""MultiPoint"",""coordinates"":[]}"
4_0_13,125.521922,1989,41,classification_1989,Mosaic of Crops,"{""type"":""MultiPoint"",""coordinates"":[]}"
5_0_0,5510.762378,1990,3,classification_1990,Forest Formation,"{""type"":""MultiPoint"",""coordinates"":[]}"
5_0_1,7775.097002,1990,4,classification_1990,Savanna Formation,"{""type"":""MultiPoint"",""coordinates"":[]}"
5_0_2,0.533646159,1990,9,classification_1990,Forest Plantation,"{""type"":""MultiPoint"",""coordinates"":[]}"
5_0_3,707.9248518,1990,11,classification_1990,Wetland,"{""type"":""MultiPoint"",""coordinates"":[]}"
5_0_4,1099.476482,1990,12,classification_1990,"Grassland (Pastizal, Formación Herbácea)","{""type"":""MultiPoint"",""coordinates"":[]}"
5_0_5,5593.783208,1990,15,classification_1990,Pasture,"{""type"":""MultiPoint"",""coordinates"":[]}"
5_0_6,0.02150639093,1990,20,classification_1990,Sugar Cane,"{""type"":""MultiPoint"",""coordinates"":[]}"
5_0_7,4469.075813,1990,21,classification_1990,Mosaic of Agriculture and Pasture,"{""type"":""MultiPoint"",""coordinates"":[]}"
5_0_8,72.23532722,1990,24,classification_1990,Urban Infrastructure,"{""type"":""MultiPoint"",""coordinates"":[]}"
5_0_9,184.0798506,1990,25,classification_1990,Other Non Vegetated Area,"{""type"":""MultiPoint"",""coordinates"":[]}"
5_0_10,288.3767239,1990,29,classification_1990,Rocky outcrop,"{""type"":""MultiPoint"",""coordinates"":[]}"
5_0_11,206.8460125,1990,33,classification_1990,"River, Lake and Ocean","{""type"":""MultiPoint"",""coordinates"":[]}"
5_0_12,1625.208805,1990,39,classification_1990,Soy Beans,"{""type"":""MultiPoint"",""coordinates"":[]}"
5_0_13,191.599355,1990,41,classification_1990,Mosaic of Crops,"{""type"":""MultiPoint"",""coordinates"":[]}"
6_0_0,5469.078924,1991,3,classification_1991,Forest Formation,"{""type"":""MultiPoint"",""coordinates"":[]}"
6_0_1,7589.905345,1991,4,classification_1991,Savanna Formation,"{""type"":""MultiPoint"",""coordinates"":[]}"
6_0_2,0.573230123,1991,9,classification_1991,Forest Plantation,"{""type"":""MultiPoint"",""coordinates"":[]}"
6_0_3,674.0619163,1991,11,classification_1991,Wetland,"{""type"":""MultiPoint"",""coordinates"":[]}"
6_0_4,1118.752366,1991,12,classification_1991,"Grassland (Pastizal, Formación Herbácea)","{""type"":""MultiPoint"",""coordinates"":[]}"
6_0_5,6016.549978,1991,15,classification_1991,Pasture,"{""type"":""MultiPoint"",""coordinates"":[]}"
6_0_6,0.007742315308,1991,20,classification_1991,Sugar Cane,"{""type"":""MultiPoint"",""coordinates"":[]}"
6_0_7,4181.980098,1991,21,classification_1991,Mosaic of Agriculture and Pasture,"{""type"":""MultiPoint"",""coordinates"":[]}"
6_0_8,74.35588813,1991,24,classification_1991,Urban Infrastructure,"{""type"":""MultiPoint"",""coordinates"":[]}"
6_0_9,182.0269127,1991,25,classification_1991,Other Non Vegetated Area,"{""type"":""MultiPoint"",""coordinates"":[]}"
6_0_10,288.418833,1991,29,classification_1991,Rocky outcrop,"{""type"":""MultiPoint"",""coordinates"":[]}"
6_0_11,209.1484984,1991,33,classification_1991,"River, Lake and Ocean","{""type"":""MultiPoint"",""coordinates"":[]}"
6_0_12,1597.185402,1991,39,classification_1991,Soy Beans,"{""type"":""MultiPoint"",""coordinates"":[]}"
6_0_13,322.9758276,1991,41,classification_1991,Mosaic of Crops,"{""type"":""MultiPoint"",""coordinates"":[]}"
7_0_0,5579.441639,1992,3,classification_1992,Forest Formation,"{""type"":""MultiPoint"",""coordinates"":[]}"
7_0_1,7359.292355,1992,4,classification_1992,Savanna Formation,"{""type"":""MultiPoint"",""coordinates"":[]}"
7_0_2,0.9623527382,1992,9,classification_1992,Forest Plantation,"{""type"":""MultiPoint"",""coordinates"":[]}"
7_0_3,420.8809979,1992,11,classification_1992,Wetland,"{""type"":""MultiPoint"",""coordinates"":[]}"
7_0_4,1351.121873,1992,12,classification_1992,"Grassland (Pastizal, Formación Herbácea)","{""type"":""MultiPoint"",""coordinates"":[]}"
7_0_5,6343.857662,1992,15,classification_1992,Pasture,"{""type"":""MultiPoint"",""coordinates"":[]}"
7_0_6,3974.196393,1992,21,classification_1992,Mosaic of Agriculture and Pasture,"{""type"":""MultiPoint"",""coordinates"":[]}"
7_0_7,77.15448037,1992,24,classification_1992,Urban Infrastructure,"{""type"":""MultiPoint"",""coordinates"":[]}"
7_0_8,170.0758852,1992,25,classification_1992,Other Non Vegetated Area,"{""type"":""MultiPoint"",""coordinates"":[]}"
7_0_9,288.470384,1992,29,classification_1992,Rocky outcrop,"{""type"":""MultiPoint"",""coordinates"":[]}"
7_0_10,216.0856921,1992,33,classification_1992,"River, Lake and Ocean","{""type"":""MultiPoint"",""coordinates"":[]}"
7_0_11,1606.013456,1992,39,classification_1992,Soy Beans,"{""type"":""MultiPoint"",""coordinates"":[]}"
7_0_12,337.4677922,1992,41,classification_1992,Mosaic of Crops,"{""type"":""MultiPoint"",""coordinates"":[]}"
8_0_0,5642.07887,1993,3,classification_1993,Forest Formation,"{""type"":""MultiPoint"",""coordinates"":[]}"
8_0_1,7171.121297,1993,4,classification_1993,Savanna Formation,"{""type"":""MultiPoint"",""coordinates"":[]}"
8_0_2,1.180401006,1993,9,classification_1993,Forest Plantation,"{""type"":""MultiPoint"",""coordinates"":[]}"
8_0_3,626.3622499,1993,11,classification_1993,Wetland,"{""type"":""MultiPoint"",""coordinates"":[]}"
8_0_4,1134.562149,1993,12,classification_1993,"Grassland (Pastizal, Formación Herbácea)","{""type"":""MultiPoint"",""coordinates"":[]}"
8_0_5,6633.768772,1993,15,classification_1993,Pasture,"{""type"":""MultiPoint"",""coordinates"":[]}"
8_0_6,3756.847769,1993,21,classification_1993,Mosaic of Agriculture and Pasture,"{""type"":""MultiPoint"",""coordinates"":[]}"
8_0_7,77.7672918,1993,24,classification_1993,Urban Infrastructure,"{""type"":""MultiPoint"",""coordinates"":[]}"
8_0_8,157.1457603,1993,25,classification_1993,Other Non Vegetated Area,"{""type"":""MultiPoint"",""coordinates"":[]}"
8_0_9,288.4574454,1993,29,classification_1993,Rocky outcrop,"{""type"":""MultiPoint"",""coordinates"":[]}"
8_0_10,213.6392198,1993,33,classification_1993,"River, Lake and Ocean","{""type"":""MultiPoint"",""coordinates"":[]}"
8_0_11,1627.716157,1993,39,classification_1993,Soy Beans,"{""type"":""MultiPoint"",""coordinates"":[]}"
8_0_12,394.3735799,1993,41,classification_1993,Mosaic of Crops,"{""type"":""MultiPoint"",""coordinates"":[]}"
9_0_0,5591.466007,1994,3,classification_1994,Forest Formation,"{""type"":""MultiPoint"",""coordinates"":[]}"
9_0_1,7032.927633,1994,4,classification_1994,Savanna Formation,"{""type"":""MultiPoint"",""coordinates"":[]}"
9_0_2,1.206181596,1994,9,classification_1994,Forest Plantation,"{""type"":""MultiPoint"",""coordinates"":[]}"
9_0_3,572.2640598,1994,11,classification_1994,Wetland,"{""type"":""MultiPoint"",""coordinates"":[]}"
9_0_4,1206.313062,1994,12,classification_1994,"Grassland (Pastizal, Formación Herbácea)","{""type"":""MultiPoint"",""coordinates"":[]}"
9_0_5,6954.344867,1994,15,classification_1994,Pasture,"{""type"":""MultiPoint"",""coordinates"":[]}"
9_0_6,3547.245708,1994,21,classification_1994,Mosaic of Agriculture and Pasture,"{""type"":""MultiPoint"",""coordinates"":[]}"
9_0_7,78.03434498,1994,24,classification_1994,Urban Infrastructure,"{""type"":""MultiPoint"",""coordinates"":[]}"
9_0_8,149.4745333,1994,25,classification_1994,Other Non Vegetated Area,"{""type"":""MultiPoint"",""coordinates"":[]}"
9_0_9,288.5011291,1994,29,classification_1994,Rocky outcrop,"{""type"":""MultiPoint"",""coordinates"":[]}"
9_0_10,180.4992279,1994,33,classification_1994,"River, Lake and Ocean","{""type"":""MultiPoint"",""coordinates"":[]}"
9_0_11,1728.943805,1994,39,classification_1994,Soy Beans,"{""type"":""MultiPoint"",""coordinates"":[]}"
9_0_12,393.8004034,1994,41,classification_1994,Mosaic of Crops,"{""type"":""MultiPoint"",""coordinates"":[]}"
10_0_0,5494.711517,1995,3,classification_1995,Forest Formation,"{""type"":""MultiPoint"",""coordinates"":[]}"
10_0_1,6817.233514,1995,4,classification_1995,Savanna Formation,"{""type"":""MultiPoint"",""coordinates"":[]}"
10_0_2,1.435044084,1995,9,classification_1995,Forest Plantation,"{""type"":""MultiPoint"",""coordinates"":[]}"
10_0_3,571.4871422,1995,11,classification_1995,Wetland,"{""type"":""MultiPoint"",""coordinates"":[]}"
10_0_4,1182.089527,1995,12,classification_1995,"Grassland (Pastizal, Formación Herbácea)","{""type"":""MultiPoint"",""coordinates"":[]}"
10_0_5,7321.066779,1995,15,classification_1995,Pasture,"{""type"":""MultiPoint"",""coordinates"":[]}"
10_0_6,0.006882485413,1995,20,classification_1995,Sugar Cane,"{""type"":""MultiPoint"",""coordinates"":[]}"
10_0_7,3460.030903,1995,21,classification_1995,Mosaic of Agriculture and Pasture,"{""type"":""MultiPoint"",""coordinates"":[]}"
10_0_8,78.31223136,1995,24,classification_1995,Urban Infrastructure,"{""type"":""MultiPoint"",""coordinates"":[]}"
10_0_9,137.0825299,1995,25,classification_1995,Other Non Vegetated Area,"{""type"":""MultiPoint"",""coordinates"":[]}"
10_0_10,288.5645842,1995,29,classification_1995,Rocky outcrop,"{""type"":""MultiPoint"",""coordinates"":[]}"
10_0_11,200.8684243,1995,33,classification_1995,"River, Lake and Ocean","{""type"":""MultiPoint"",""coordinates"":[]}"
10_0_12,1630.049489,1995,39,classification_1995,Soy Beans,"{""type"":""MultiPoint"",""coordinates"":[]}"
10_0_13,542.0823945,1995,41,classification_1995,Mosaic of Crops,"{""type"":""MultiPoint"",""coordinates"":[]}"
11_0_0,5483.779891,1996,3,classification_1996,Forest Formation,"{""type"":""MultiPoint"",""coordinates"":[]}"
11_0_1,6678.493949,1996,4,classification_1996,Savanna Formation,"{""type"":""MultiPoint"",""coordinates"":[]}"
11_0_2,1.619268131,1996,9,classification_1996,Forest Plantation,"{""type"":""MultiPoint"",""coordinates"":[]}"
11_0_3,627.0874987,1996,11,classification_1996,Wetland,"{""type"":""MultiPoint"",""coordinates"":[]}"
11_0_4,1137.860882,1996,12,classification_1996,"Grassland (Pastizal, Formación Herbácea)","{""type"":""MultiPoint"",""coordinates"":[]}"
11_0_5,7580.601718,1996,15,classification_1996,Pasture,"{""type"":""MultiPoint"",""coordinates"":[]}"
11_0_6,0.08946937567,1996,20,classification_1996,Sugar Cane,"{""type"":""MultiPoint"",""coordinates"":[]}"
11_0_7,3239.454701,1996,21,classification_1996,Mosaic of Agriculture and Pasture,"{""type"":""MultiPoint"",""coordinates"":[]}"
11_0_8,79.04957394,1996,24,classification_1996,Urban Infrastructure,"{""type"":""MultiPoint"",""coordinates"":[]}"
11_0_9,126.345275,1996,25,classification_1996,Other Non Vegetated Area,"{""type"":""MultiPoint"",""coordinates"":[]}"
11_0_10,288.7560464,1996,29,classification_1996,Rocky outcrop,"{""type"":""MultiPoint"",""coordinates"":[]}"
11_0_11,196.6102097,1996,33,classification_1996,"River, Lake and Ocean","{""type"":""MultiPoint"",""coordinates"":[]}"
11_0_12,1928.626995,1996,39,classification_1996,Soy Beans,"{""type"":""MultiPoint"",""coordinates"":[]}"
11_0_13,356.6454849,1996,41,classification_1996,Mosaic of Crops,"{""type"":""MultiPoint"",""coordinates"":[]}"
12_0_0,5414.942833,1997,3,classification_1997,Forest Formation,"{""type"":""MultiPoint"",""coordinates"":[]}"
12_0_1,6595.032361,1997,4,classification_1997,Savanna Formation,"{""type"":""MultiPoint"",""coordinates"":[]}"
12_0_2,1.57814763,1997,9,classification_1997,Forest Plantation,"{""type"":""MultiPoint"",""coordinates"":[]}"
12_0_3,626.5874778,1997,11,classification_1997,Wetland,"{""type"":""MultiPoint"",""coordinates"":[]}"
12_0_4,1138.333751,1997,12,classification_1997,"Grassland (Pastizal, Formación Herbácea)","{""type"":""MultiPoint"",""coordinates"":[]}"
12_0_5,7934.760984,1997,15,classification_1997,Pasture,"{""type"":""MultiPoint"",""coordinates"":[]}"
12_0_6,0.1083953153,1997,20,classification_1997,Sugar Cane,"{""type"":""MultiPoint"",""coordinates"":[]}"
12_0_7,2990.82266,1997,21,classification_1997,Mosaic of Agriculture and Pasture,"{""type"":""MultiPoint"",""coordinates"":[]}"
12_0_8,79.76317014,1997,24,classification_1997,Urban Infrastructure,"{""type"":""MultiPoint"",""coordinates"":[]}"
12_0_9,115.1600341,1997,25,classification_1997,Other Non Vegetated Area,"{""type"":""MultiPoint"",""coordinates"":[]}"
12_0_10,288.8212652,1997,29,classification_1997,Rocky outcrop,"{""type"":""MultiPoint"",""coordinates"":[]}"
12_0_11,201.2881309,1997,33,classification_1997,"River, Lake and Ocean","{""type"":""MultiPoint"",""coordinates"":[]}"
12_0_12,1970.767591,1997,39,classification_1997,Soy Beans,"{""type"":""MultiPoint"",""coordinates"":[]}"
12_0_13,367.0541613,1997,41,classification_1997,Mosaic of Crops,"{""type"":""MultiPoint"",""coordinates"":[]}"
13_0_0,5455.404734,1998,3,classification_1998,Forest Formation,"{""type"":""MultiPoint"",""coordinates"":[]}"
13_0_1,6528.118579,1998,4,classification_1998,Savanna Formation,"{""type"":""MultiPoint"",""coordinates"":[]}"
13_0_2,1.529117287,1998,9,classification_1998,Forest Plantation,"{""type"":""MultiPoint"",""coordinates"":[]}"
13_0_3,479.0349388,1998,11,classification_1998,Wetland,"{""type"":""MultiPoint"",""coordinates"":[]}"
13_0_4,1310.950191,1998,12,classification_1998,"Grassland (Pastizal, Formación Herbácea)","{""type"":""MultiPoint"",""coordinates"":[]}"
13_0_5,8294.68341,1998,15,classification_1998,Pasture,"{""type"":""MultiPoint"",""coordinates"":[]}"
13_0_6,0.1023730995,1998,20,classification_1998,Sugar Cane,"{""type"":""MultiPoint"",""coordinates"":[]}"
13_0_7,2514.431996,1998,21,classification_1998,Mosaic of Agriculture and Pasture,"{""type"":""MultiPoint"",""coordinates"":[]}"
13_0_8,80.50633439,1998,24,classification_1998,Urban Infrastructure,"{""type"":""MultiPoint"",""coordinates"":[]}"
13_0_9,113.5227351,1998,25,classification_1998,Other Non Vegetated Area,"{""type"":""MultiPoint"",""coordinates"":[]}"
13_0_10,288.7689483,1998,29,classification_1998,Rocky outcrop,"{""type"":""MultiPoint"",""coordinates"":[]}"
13_0_11,174.7330244,1998,33,classification_1998,"River, Lake and Ocean","{""type"":""MultiPoint"",""coordinates"":[]}"
13_0_12,2080.001419,1998,39,classification_1998,Soy Beans,"{""type"":""MultiPoint"",""coordinates"":[]}"
13_0_13,403.2331627,1998,41,classification_1998,Mosaic of Crops,"{""type"":""MultiPoint"",""coordinates"":[]}"
14_0_0,5456.712825,1999,3,classification_1999,Forest Formation,"{""type"":""MultiPoint"",""coordinates"":[]}"
14_0_1,6357.02534,1999,4,classification_1999,Savanna Formation,"{""type"":""MultiPoint"",""coordinates"":[]}"
14_0_2,1.693867284,1999,9,classification_1999,Forest Plantation,"{""type"":""MultiPoint"",""coordinates"":[]}"
14_0_3,524.0445602,1999,11,classification_1999,Wetland,"{""type"":""MultiPoint"",""coordinates"":[]}"
14_0_4,1256.967378,1999,12,classification_1999,"Grassland (Pastizal, Formación Herbácea)","{""type"":""MultiPoint"",""coordinates"":[]}"
14_0_5,8553.722962,1999,15,classification_1999,Pasture,"{""type"":""MultiPoint"",""coordinates"":[]}"
14_0_6,0.1083677239,1999,20,classification_1999,Sugar Cane,"{""type"":""MultiPoint"",""coordinates"":[]}"
14_0_7,2304.20754,1999,21,classification_1999,Mosaic of Agriculture and Pasture,"{""type"":""MultiPoint"",""coordinates"":[]}"
14_0_8,81.45792605,1999,24,classification_1999,Urban Infrastructure,"{""type"":""MultiPoint"",""coordinates"":[]}"
14_0_9,115.8380911,1999,25,classification_1999,Other Non Vegetated Area,"{""type"":""MultiPoint"",""coordinates"":[]}"
14_0_10,288.763793,1999,29,classification_1999,Rocky outcrop,"{""type"":""MultiPoint"",""coordinates"":[]}"
14_0_11,181.8392613,1999,33,classification_1999,"River, Lake and Ocean","{""type"":""MultiPoint"",""coordinates"":[]}"
14_0_12,2311.310246,1999,39,classification_1999,Soy Beans,"{""type"":""MultiPoint"",""coordinates"":[]}"
14_0_13,291.3288046,1999,41,classification_1999,Mosaic of Crops,"{""type"":""MultiPoint"",""coordinates"":[]}"
15_0_0,5400.765246,2000,3,classification_2000,Forest Formation,"{""type"":""MultiPoint"",""coordinates"":[]}"
15_0_1,6218.936695,2000,4,classification_2000,Savanna Formation,"{""type"":""MultiPoint"",""coordinates"":[]}"
15_0_2,6.124110923,2000,9,classification_2000,Forest Plantation,"{""type"":""MultiPoint"",""coordinates"":[]}"
15_0_3,618.9289158,2000,11,classification_2000,Wetland,"{""type"":""MultiPoint"",""coordinates"":[]}"
15_0_4,1181.34982,2000,12,classification_2000,"Grassland (Pastizal, Formación Herbácea)","{""type"":""MultiPoint"",""coordinates"":[]}"
15_0_5,8769.276748,2000,15,classification_2000,Pasture,"{""type"":""MultiPoint"",""coordinates"":[]}"
15_0_6,0.0739569082,2000,20,classification_2000,Sugar Cane,"{""type"":""MultiPoint"",""coordinates"":[]}"
15_0_7,2227.714131,2000,21,classification_2000,Mosaic of Agriculture and Pasture,"{""type"":""MultiPoint"",""coordinates"":[]}"
15_0_8,82.71481825,2000,24,classification_2000,Urban Infrastructure,"{""type"":""MultiPoint"",""coordinates"":[]}"
15_0_9,108.2641718,2000,25,classification_2000,Other Non Vegetated Area,"{""type"":""MultiPoint"",""coordinates"":[]}"
15_0_10,288.6918473,2000,29,classification_2000,Rocky outcrop,"{""type"":""MultiPoint"",""coordinates"":[]}"
15_0_11,144.0366372,2000,33,classification_2000,"River, Lake and Ocean","{""type"":""MultiPoint"",""coordinates"":[]}"
15_0_12,2405.191645,2000,39,classification_2000,Soy Beans,"{""type"":""MultiPoint"",""coordinates"":[]}"
15_0_13,257.2828766,2000,41,classification_2000,Mosaic of Crops,"{""type"":""MultiPoint"",""coordinates"":[]}"
15_0_14,15.6693416,2000,62,classification_2000,Cotton,"{""type"":""MultiPoint"",""coordinates"":[]}"
16_0_0,5434.324915,2001,3,classification_2001,Forest Formation,"{""type"":""MultiPoint"",""coordinates"":[]}"
16_0_1,6054.388147,2001,4,classification_2001,Savanna Formation,"{""type"":""MultiPoint"",""coordinates"":[]}"
16_0_2,8.329608901,2001,9,classification_2001,Forest Plantation,"{""type"":""MultiPoint"",""coordinates"":[]}"
16_0_3,475.6474594,2001,11,classification_2001,Wetland,"{""type"":""MultiPoint"",""coordinates"":[]}"
16_0_4,1332.715818,2001,12,classification_2001,"Grassland (Pastizal, Formación Herbácea)","{""type"":""MultiPoint"",""coordinates"":[]}"
16_0_5,8864.023834,2001,15,classification_2001,Pasture,"{""type"":""MultiPoint"",""coordinates"":[]}"
16_0_6,0.07997536407,2001,20,classification_2001,Sugar Cane,"{""type"":""MultiPoint"",""coordinates"":[]}"
16_0_7,2184.407468,2001,21,classification_2001,Mosaic of Agriculture and Pasture,"{""type"":""MultiPoint"",""coordinates"":[]}"
16_0_8,83.80553467,2001,24,classification_2001,Urban Infrastructure,"{""type"":""MultiPoint"",""coordinates"":[]}"
16_0_9,106.5370942,2001,25,classification_2001,Other Non Vegetated Area,"{""type"":""MultiPoint"",""coordinates"":[]}"
16_0_10,288.6738023,2001,29,classification_2001,Rocky outcrop,"{""type"":""MultiPoint"",""coordinates"":[]}"
16_0_11,124.8960379,2001,33,classification_2001,"River, Lake and Ocean","{""type"":""MultiPoint"",""coordinates"":[]}"
16_0_12,2174.939598,2001,39,classification_2001,Soy Beans,"{""type"":""MultiPoint"",""coordinates"":[]}"
16_0_13,531.9198042,2001,41,classification_2001,Mosaic of Crops,"{""type"":""MultiPoint"",""coordinates"":[]}"
16_0_14,60.33186491,2001,62,classification_2001,Cotton,"{""type"":""MultiPoint"",""coordinates"":[]}"
17_0_0,5388.71082,2002,3,classification_2002,Forest Formation,"{""type"":""MultiPoint"",""coordinates"":[]}"
17_0_1,5952.875452,2002,4,classification_2002,Savanna Formation,"{""type"":""MultiPoint"",""coordinates"":[]}"
17_0_2,9.692133617,2002,9,classification_2002,Forest Plantation,"{""type"":""MultiPoint"",""coordinates"":[]}"
17_0_3,641.7350732,2002,11,classification_2002,Wetland,"{""type"":""MultiPoint"",""coordinates"":[]}"
17_0_4,1090.294215,2002,12,classification_2002,"Grassland (Pastizal, Formación Herbácea)","{""type"":""MultiPoint"",""coordinates"":[]}"
17_0_5,8920.955614,2002,15,classification_2002,Pasture,"{""type"":""MultiPoint"",""coordinates"":[]}"
17_0_6,0.08428501202,2002,20,classification_2002,Sugar Cane,"{""type"":""MultiPoint"",""coordinates"":[]}"
17_0_7,2201.637909,2002,21,classification_2002,Mosaic of Agriculture and Pasture,"{""type"":""MultiPoint"",""coordinates"":[]}"
17_0_8,85.646795,2002,24,classification_2002,Urban Infrastructure,"{""type"":""MultiPoint"",""coordinates"":[]}"
17_0_9,107.2557442,2002,25,classification_2002,Other Non Vegetated Area,"{""type"":""MultiPoint"",""coordinates"":[]}"
17_0_10,288.6514708,2002,29,classification_2002,Rocky outcrop,"{""type"":""MultiPoint"",""coordinates"":[]}"
17_0_11,214.7435629,2002,33,classification_2002,"River, Lake and Ocean","{""type"":""MultiPoint"",""coordinates"":[]}"
17_0_12,2201.874331,2002,39,classification_2002,Soy Beans,"{""type"":""MultiPoint"",""coordinates"":[]}"
17_0_13,438.7466692,2002,41,classification_2002,Mosaic of Crops,"{""type"":""MultiPoint"",""coordinates"":[]}"
17_0_14,182.1168864,2002,62,classification_2002,Cotton,"{""type"":""MultiPoint"",""coordinates"":[]}"
18_0_0,5411.185107,2003,3,classification_2003,Forest Formation,"{""type"":""MultiPoint"",""coordinates"":[]}"
18_0_1,5902.523674,2003,4,classification_2003,Savanna Formation,"{""type"":""MultiPoint"",""coordinates"":[]}"
18_0_2,13.43891376,2003,9,classification_2003,Forest Plantation,"{""type"":""MultiPoint"",""coordinates"":[]}"
18_0_3,622.0027003,2003,11,classification_2003,Wetland,"{""type"":""MultiPoint"",""coordinates"":[]}"
18_0_4,1132.828525,2003,12,classification_2003,"Grassland (Pastizal, Formación Herbácea)","{""type"":""MultiPoint"",""coordinates"":[]}"
18_0_5,8842.112385,2003,15,classification_2003,Pasture,"{""type"":""MultiPoint"",""coordinates"":[]}"
18_0_6,0.1109465007,2003,20,classification_2003,Sugar Cane,"{""type"":""MultiPoint"",""coordinates"":[]}"
18_0_7,2252.519208,2003,21,classification_2003,Mosaic of Agriculture and Pasture,"{""type"":""MultiPoint"",""coordinates"":[]}"
18_0_8,86.7369326,2003,24,classification_2003,Urban Infrastructure,"{""type"":""MultiPoint"",""coordinates"":[]}"
18_0_9,97.48580245,2003,25,classification_2003,Other Non Vegetated Area,"{""type"":""MultiPoint"",""coordinates"":[]}"
18_0_10,288.6703517,2003,29,classification_2003,Rocky outcrop,"{""type"":""MultiPoint"",""coordinates"":[]}"
18_0_11,196.6080887,2003,33,classification_2003,"River, Lake and Ocean","{""type"":""MultiPoint"",""coordinates"":[]}"
18_0_12,2428.669105,2003,39,classification_2003,Soy Beans,"{""type"":""MultiPoint"",""coordinates"":[]}"
18_0_13,424.688717,2003,41,classification_2003,Mosaic of Crops,"{""type"":""MultiPoint"",""coordinates"":[]}"
18_0_14,25.44050613,2003,62,classification_2003,Cotton,"{""type"":""MultiPoint"",""coordinates"":[]}"
19_0_0,5452.418389,2004,3,classification_2004,Forest Formation,"{""type"":""MultiPoint"",""coordinates"":[]}"
19_0_1,5727.249535,2004,4,classification_2004,Savanna Formation,"{""type"":""MultiPoint"",""coordinates"":[]}"
19_0_2,17.07991913,2004,9,classification_2004,Forest Plantation,"{""type"":""MultiPoint"",""coordinates"":[]}"
19_0_3,593.8021479,2004,11,classification_2004,Wetland,"{""type"":""MultiPoint"",""coordinates"":[]}"
19_0_4,1206.76605,2004,12,classification_2004,"Grassland (Pastizal, Formación Herbácea)","{""type"":""MultiPoint"",""coordinates"":[]}"
19_0_5,8759.449931,2004,15,classification_2004,Pasture,"{""type"":""MultiPoint"",""coordinates"":[]}"
19_0_6,0.2735368075,2004,20,classification_2004,Sugar Cane,"{""type"":""MultiPoint"",""coordinates"":[]}"
19_0_7,2201.386327,2004,21,classification_2004,Mosaic of Agriculture and Pasture,"{""type"":""MultiPoint"",""coordinates"":[]}"
19_0_8,89.47909964,2004,24,classification_2004,Urban Infrastructure,"{""type"":""MultiPoint"",""coordinates"":[]}"
19_0_9,91.70213428,2004,25,classification_2004,Other Non Vegetated Area,"{""type"":""MultiPoint"",""coordinates"":[]}"
19_0_10,288.7998593,2004,29,classification_2004,Rocky outcrop,"{""type"":""MultiPoint"",""coordinates"":[]}"
19_0_11,155.0710263,2004,33,classification_2004,"River, Lake and Ocean","{""type"":""MultiPoint"",""coordinates"":[]}"
19_0_12,2638.073478,2004,39,classification_2004,Soy Beans,"{""type"":""MultiPoint"",""coordinates"":[]}"
19_0_13,411.574316,2004,41,classification_2004,Mosaic of Crops,"{""type"":""MultiPoint"",""coordinates"":[]}"
19_0_14,91.8952132,2004,62,classification_2004,Cotton,"{""type"":""MultiPoint"",""coordinates"":[]}"
20_0_0,5450.04719,2005,3,classification_2005,Forest Formation,"{""type"":""MultiPoint"",""coordinates"":[]}"
20_0_1,5622.14638,2005,4,classification_2005,Savanna Formation,"{""type"":""MultiPoint"",""coordinates"":[]}"
20_0_2,34.30473664,2005,9,classification_2005,Forest Plantation,"{""type"":""MultiPoint"",""coordinates"":[]}"
20_0_3,546.0068119,2005,11,classification_2005,Wetland,"{""type"":""MultiPoint"",""coordinates"":[]}"
20_0_4,1286.806852,2005,12,classification_2005,"Grassland (Pastizal, Formación Herbácea)","{""type"":""MultiPoint"",""coordinates"":[]}"
20_0_5,8724.691588,2005,15,classification_2005,Pasture,"{""type"":""MultiPoint"",""coordinates"":[]}"
20_0_6,1.676047238,2005,20,classification_2005,Sugar Cane,"{""type"":""MultiPoint"",""coordinates"":[]}"
20_0_7,2097.715717,2005,21,classification_2005,Mosaic of Agriculture and Pasture,"{""type"":""MultiPoint"",""coordinates"":[]}"
20_0_8,91.34007182,2005,24,classification_2005,Urban Infrastructure,"{""type"":""MultiPoint"",""coordinates"":[]}"
20_0_9,91.7296693,2005,25,classification_2005,Other Non Vegetated Area,"{""type"":""MultiPoint"",""coordinates"":[]}"
20_0_10,288.8812966,2005,29,classification_2005,Rocky outcrop,"{""type"":""MultiPoint"",""coordinates"":[]}"
20_0_11,125.0834922,2005,33,classification_2005,"River, Lake and Ocean","{""type"":""MultiPoint"",""coordinates"":[]}"
20_0_12,2931.915184,2005,39,classification_2005,Soy Beans,"{""type"":""MultiPoint"",""coordinates"":[]}"
20_0_13,237.8642374,2005,41,classification_2005,Mosaic of Crops,"{""type"":""MultiPoint"",""coordinates"":[]}"
20_0_14,194.8116892,2005,62,classification_2005,Cotton,"{""type"":""MultiPoint"",""coordinates"":[]}"
21_0_0,5478.521883,2006,3,classification_2006,Forest Formation,"{""type"":""MultiPoint"",""coordinates"":[]}"
21_0_1,5564.358989,2006,4,classification_2006,Savanna Formation,"{""type"":""MultiPoint"",""coordinates"":[]}"
21_0_2,38.27864481,2006,9,classification_2006,Forest Plantation,"{""type"":""MultiPoint"",""coordinates"":[]}"
21_0_3,689.9708452,2006,11,classification_2006,Wetland,"{""type"":""MultiPoint"",""coordinates"":[]}"
21_0_4,1130.28834,2006,12,classification_2006,"Grassland (Pastizal, Formación Herbácea)","{""type"":""MultiPoint"",""coordinates"":[]}"
21_0_5,8773.264133,2006,15,classification_2006,Pasture,"{""type"":""MultiPoint"",""coordinates"":[]}"
21_0_6,1.838695041,2006,20,classification_2006,Sugar Cane,"{""type"":""MultiPoint"",""coordinates"":[]}"
21_0_7,1947.144874,2006,21,classification_2006,Mosaic of Agriculture and Pasture,"{""type"":""MultiPoint"",""coordinates"":[]}"
21_0_8,92.74268557,2006,24,classification_2006,Urban Infrastructure,"{""type"":""MultiPoint"",""coordinates"":[]}"
21_0_9,91.90810519,2006,25,classification_2006,Other Non Vegetated Area,"{""type"":""MultiPoint"",""coordinates"":[]}"
21_0_10,288.8640709,2006,29,classification_2006,Rocky outcrop,"{""type"":""MultiPoint"",""coordinates"":[]}"
21_0_11,133.1617394,2006,33,classification_2006,"River, Lake and Ocean","{""type"":""MultiPoint"",""coordinates"":[]}"
21_0_12,2985.878712,2006,39,classification_2006,Soy Beans,"{""type"":""MultiPoint"",""coordinates"":[]}"
21_0_13,310.7771532,2006,41,classification_2006,Mosaic of Crops,"{""type"":""MultiPoint"",""coordinates"":[]}"
21_0_14,198.0220929,2006,62,classification_2006,Cotton,"{""type"":""MultiPoint"",""coordinates"":[]}"
22_0_0,5517.869262,2007,3,classification_2007,Forest Formation,"{""type"":""MultiPoint"",""coordinates"":[]}"
22_0_1,5537.513875,2007,4,classification_2007,Savanna Formation,"{""type"":""MultiPoint"",""coordinates"":[]}"
22_0_2,40.477089,2007,9,classification_2007,Forest Plantation,"{""type"":""MultiPoint"",""coordinates"":[]}"
22_0_3,558.0632666,2007,11,classification_2007,Wetland,"{""type"":""MultiPoint"",""coordinates"":[]}"
22_0_4,1263.326386,2007,12,classification_2007,"Grassland (Pastizal, Formación Herbácea)","{""type"":""MultiPoint"",""coordinates"":[]}"
22_0_5,8709.836625,2007,15,classification_2007,Pasture,"{""type"":""MultiPoint"",""coordinates"":[]}"
22_0_6,1.910892104,2007,20,classification_2007,Sugar Cane,"{""type"":""MultiPoint"",""coordinates"":[]}"
22_0_7,1910.160566,2007,21,classification_2007,Mosaic of Agriculture and Pasture,"{""type"":""MultiPoint"",""coordinates"":[]}"
22_0_8,94.32441878,2007,24,classification_2007,Urban Infrastructure,"{""type"":""MultiPoint"",""coordinates"":[]}"
22_0_9,92.53168262,2007,25,classification_2007,Other Non Vegetated Area,"{""type"":""MultiPoint"",""coordinates"":[]}"
22_0_10,288.909666,2007,29,classification_2007,Rocky outcrop,"{""type"":""MultiPoint"",""coordinates"":[]}"
22_0_11,133.994564,2007,33,classification_2007,"River, Lake and Ocean","{""type"":""MultiPoint"",""coordinates"":[]}"
22_0_12,2683.485779,2007,39,classification_2007,Soy Beans,"{""type"":""MultiPoint"",""coordinates"":[]}"
22_0_13,722.8655569,2007,41,classification_2007,Mosaic of Crops,"{""type"":""MultiPoint"",""coordinates"":[]}"
22_0_14,169.7513335,2007,62,classification_2007,Cotton,"{""type"":""MultiPoint"",""coordinates"":[]}"
23_0_0,5490.860527,2008,3,classification_2008,Forest Formation,"{""type"":""MultiPoint"",""coordinates"":[]}"
23_0_1,5607.777342,2008,4,classification_2008,Savanna Formation,"{""type"":""MultiPoint"",""coordinates"":[]}"
23_0_2,46.60365488,2008,9,classification_2008,Forest Plantation,"{""type"":""MultiPoint"",""coordinates"":[]}"
23_0_3,644.3652085,2008,11,classification_2008,Wetland,"{""type"":""MultiPoint"",""coordinates"":[]}"
23_0_4,1142.287893,2008,12,classification_2008,"Grassland (Pastizal, Formación Herbácea)","{""type"":""MultiPoint"",""coordinates"":[]}"
23_0_5,8604.168728,2008,15,classification_2008,Pasture,"{""type"":""MultiPoint"",""coordinates"":[]}"
23_0_6,1.103855707,2008,20,classification_2008,Sugar Cane,"{""type"":""MultiPoint"",""coordinates"":[]}"
23_0_7,1906.687134,2008,21,classification_2008,Mosaic of Agriculture and Pasture,"{""type"":""MultiPoint"",""coordinates"":[]}"
23_0_8,95.85541781,2008,24,classification_2008,Urban Infrastructure,"{""type"":""MultiPoint"",""coordinates"":[]}"
23_0_9,92.10896301,2008,25,classification_2008,Other Non Vegetated Area,"{""type"":""MultiPoint"",""coordinates"":[]}"
23_0_10,288.7809996,2008,29,classification_2008,Rocky outcrop,"{""type"":""MultiPoint"",""coordinates"":[]}"
23_0_11,168.468305,2008,33,classification_2008,"River, Lake and Ocean","{""type"":""MultiPoint"",""coordinates"":[]}"
23_0_12,2832.064535,2008,39,classification_2008,Soy Beans,"{""type"":""MultiPoint"",""coordinates"":[]}"
23_0_13,748.8057661,2008,41,classification_2008,Mosaic of Crops,"{""type"":""MultiPoint"",""coordinates"":[]}"
23_0_14,55.08263318,2008,62,classification_2008,Cotton,"{""type"":""MultiPoint"",""coordinates"":[]}"
24_0_0,5495.752054,2009,3,classification_2009,Forest Formation,"{""type"":""MultiPoint"",""coordinates"":[]}"
24_0_1,5625.392006,2009,4,classification_2009,Savanna Formation,"{""type"":""MultiPoint"",""coordinates"":[]}"
24_0_2,56.65909932,2009,9,classification_2009,Forest Plantation,"{""type"":""MultiPoint"",""coordinates"":[]}"
24_0_3,621.9244132,2009,11,classification_2009,Wetland,"{""type"":""MultiPoint"",""coordinates"":[]}"
24_0_4,1196.91935,2009,12,classification_2009,"Grassland (Pastizal, Formación Herbácea)","{""type"":""MultiPoint"",""coordinates"":[]}"
24_0_5,8525.720094,2009,15,classification_2009,Pasture,"{""type"":""MultiPoint"",""coordinates"":[]}"
24_0_6,1.038141937,2009,20,classification_2009,Sugar Cane,"{""type"":""MultiPoint"",""coordinates"":[]}"
24_0_7,1926.355243,2009,21,classification_2009,Mosaic of Agriculture and Pasture,"{""type"":""MultiPoint"",""coordinates"":[]}"
24_0_8,99.11252277,2009,24,classification_2009,Urban Infrastructure,"{""type"":""MultiPoint"",""coordinates"":[]}"
24_0_9,89.4892248,2009,25,classification_2009,Other Non Vegetated Area,"{""type"":""MultiPoint"",""coordinates"":[]}"
24_0_10,288.6831879,2009,29,classification_2009,Rocky outcrop,"{""type"":""MultiPoint"",""coordinates"":[]}"
24_0_11,135.6063433,2009,33,classification_2009,"River, Lake and Ocean","{""type"":""MultiPoint"",""coordinates"":[]}"
24_0_12,2811.452086,2009,39,classification_2009,Soy Beans,"{""type"":""MultiPoint"",""coordinates"":[]}"
24_0_13,765.8505961,2009,41,classification_2009,Mosaic of Crops,"{""type"":""MultiPoint"",""coordinates"":[]}"
24_0_14,85.06660058,2009,62,classification_2009,Cotton,"{""type"":""MultiPoint"",""coordinates"":[]}"
25_0_0,5475.746444,2010,3,classification_2010,Forest Formation,"{""type"":""MultiPoint"",""coordinates"":[]}"
25_0_1,5674.608997,2010,4,classification_2010,Savanna Formation,"{""type"":""MultiPoint"",""coordinates"":[]}"
25_0_2,72.16856398,2010,9,classification_2010,Forest Plantation,"{""type"":""MultiPoint"",""coordinates"":[]}"
25_0_3,550.5873576,2010,11,classification_2010,Wetland,"{""type"":""MultiPoint"",""coordinates"":[]}"
25_0_4,1246.116226,2010,12,classification_2010,"Grassland (Pastizal, Formación Herbácea)","{""type"":""MultiPoint"",""coordinates"":[]}"
25_0_5,8481.827128,2010,15,classification_2010,Pasture,"{""type"":""MultiPoint"",""coordinates"":[]}"
25_0_6,1.082880229,2010,20,classification_2010,Sugar Cane,"{""type"":""MultiPoint"",""coordinates"":[]}"
25_0_7,1963.99359,2010,21,classification_2010,Mosaic of Agriculture and Pasture,"{""type"":""MultiPoint"",""coordinates"":[]}"
25_0_8,101.2819857,2010,24,classification_2010,Urban Infrastructure,"{""type"":""MultiPoint"",""coordinates"":[]}"
25_0_9,86.4452961,2010,25,classification_2010,Other Non Vegetated Area,"{""type"":""MultiPoint"",""coordinates"":[]}"
25_0_10,288.6197811,2010,29,classification_2010,Rocky outcrop,"{""type"":""MultiPoint"",""coordinates"":[]}"
25_0_11,135.4468356,2010,33,classification_2010,"River, Lake and Ocean","{""type"":""MultiPoint"",""coordinates"":[]}"
25_0_12,2885.011195,2010,39,classification_2010,Soy Beans,"{""type"":""MultiPoint"",""coordinates"":[]}"
25_0_13,702.2984917,2010,41,classification_2010,Mosaic of Crops,"{""type"":""MultiPoint"",""coordinates"":[]}"
25_0_14,59.78619001,2010,62,classification_2010,Cotton,"{""type"":""MultiPoint"",""coordinates"":[]}"
26_0_0,5446.445334,2011,3,classification_2011,Forest Formation,"{""type"":""MultiPoint"",""coordinates"":[]}"
26_0_1,5732.780666,2011,4,classification_2011,Savanna Formation,"{""type"":""MultiPoint"",""coordinates"":[]}"
26_0_2,88.5687193,2011,9,classification_2011,Forest Plantation,"{""type"":""MultiPoint"",""coordinates"":[]}"
26_0_3,720.261224,2011,11,classification_2011,Wetland,"{""type"":""MultiPoint"",""coordinates"":[]}"
26_0_4,1042.166152,2011,12,classification_2011,"Grassland (Pastizal, Formación Herbácea)","{""type"":""MultiPoint"",""coordinates"":[]}"
26_0_5,8452.385381,2011,15,classification_2011,Pasture,"{""type"":""MultiPoint"",""coordinates"":[]}"
26_0_6,1.011480252,2011,20,classification_2011,Sugar Cane,"{""type"":""MultiPoint"",""coordinates"":[]}"
26_0_7,2028.459416,2011,21,classification_2011,Mosaic of Agriculture and Pasture,"{""type"":""MultiPoint"",""coordinates"":[]}"
26_0_8,102.9415963,2011,24,classification_2011,Urban Infrastructure,"{""type"":""MultiPoint"",""coordinates"":[]}"
26_0_9,84.9432927,2011,25,classification_2011,Other Non Vegetated Area,"{""type"":""MultiPoint"",""coordinates"":[]}"
26_0_10,288.5844873,2011,29,classification_2011,Rocky outcrop,"{""type"":""MultiPoint"",""coordinates"":[]}"
26_0_11,158.59943,2011,33,classification_2011,"River, Lake and Ocean","{""type"":""MultiPoint"",""coordinates"":[]}"
26_0_12,2635.55916,2011,39,classification_2011,Soy Beans,"{""type"":""MultiPoint"",""coordinates"":[]}"
26_0_13,884.9112196,2011,41,classification_2011,Mosaic of Crops,"{""type"":""MultiPoint"",""coordinates"":[]}"
26_0_14,57.40340452,2011,62,classification_2011,Cotton,"{""type"":""MultiPoint"",""coordinates"":[]}"
27_0_0,5463.419957,2012,3,classification_2012,Forest Formation,"{""type"":""MultiPoint"",""coordinates"":[]}"
27_0_1,5745.002314,2012,4,classification_2012,Savanna Formation,"{""type"":""MultiPoint"",""coordinates"":[]}"
27_0_2,120.6503147,2012,9,classification_2012,Forest Plantation,"{""type"":""MultiPoint"",""coordinates"":[]}"
27_0_3,474.8442804,2012,11,classification_2012,Wetland,"{""type"":""MultiPoint"",""coordinates"":[]}"
27_0_4,1310.662808,2012,12,classification_2012,"Grassland (Pastizal, Formación Herbácea)","{""type"":""MultiPoint"",""coordinates"":[]}"
27_0_5,8385.657462,2012,15,classification_2012,Pasture,"{""type"":""MultiPoint"",""coordinates"":[]}"
27_0_6,0.4533737886,2012,20,classification_2012,Sugar Cane,"{""type"":""MultiPoint"",""coordinates"":[]}"
27_0_7,2070.344412,2012,21,classification_2012,Mosaic of Agriculture and Pasture,"{""type"":""MultiPoint"",""coordinates"":[]}"
27_0_8,106.7482989,2012,24,classification_2012,Urban Infrastructure,"{""type"":""MultiPoint"",""coordinates"":[]}"
27_0_9,86.63042097,2012,25,classification_2012,Other Non Vegetated Area,"{""type"":""MultiPoint"",""coordinates"":[]}"
27_0_10,288.4881377,2012,29,classification_2012,Rocky outcrop,"{""type"":""MultiPoint"",""coordinates"":[]}"
27_0_11,130.6232362,2012,33,classification_2012,"River, Lake and Ocean","{""type"":""MultiPoint"",""coordinates"":[]}"
27_0_12,2757.990016,2012,39,classification_2012,Soy Beans,"{""type"":""MultiPoint"",""coordinates"":[]}"
27_0_13,724.919941,2012,41,classification_2012,Mosaic of Crops,"{""type"":""MultiPoint"",""coordinates"":[]}"
27_0_14,58.58598988,2012,62,classification_2012,Cotton,"{""type"":""MultiPoint"",""coordinates"":[]}"
28_0_0,5464.028288,2013,3,classification_2013,Forest Formation,"{""type"":""MultiPoint"",""coordinates"":[]}"
28_0_1,5735.382232,2013,4,classification_2013,Savanna Formation,"{""type"":""MultiPoint"",""coordinates"":[]}"
28_0_2,150.9563616,2013,9,classification_2013,Forest Plantation,"{""type"":""MultiPoint"",""coordinates"":[]}"
28_0_3,563.9676346,2013,11,classification_2013,Wetland,"{""type"":""MultiPoint"",""coordinates"":[]}"
28_0_4,1204.958923,2013,12,classification_2013,"Grassland (Pastizal, Formación Herbácea)","{""type"":""MultiPoint"",""coordinates"":[]}"
28_0_5,8236.41588,2013,15,classification_2013,Pasture,"{""type"":""MultiPoint"",""coordinates"":[]}"
28_0_6,0.1737966878,2013,20,classification_2013,Sugar Cane,"{""type"":""MultiPoint"",""coordinates"":[]}"
28_0_7,2138.491155,2013,21,classification_2013,Mosaic of Agriculture and Pasture,"{""type"":""MultiPoint"",""coordinates"":[]}"
28_0_8,111.1083804,2013,24,classification_2013,Urban Infrastructure,"{""type"":""MultiPoint"",""coordinates"":[]}"
28_0_9,84.87960978,2013,25,classification_2013,Other Non Vegetated Area,"{""type"":""MultiPoint"",""coordinates"":[]}"
28_0_10,288.6297971,2013,29,classification_2013,Rocky outcrop,"{""type"":""MultiPoint"",""coordinates"":[]}"
28_0_11,131.0033979,2013,33,classification_2013,"River, Lake and Ocean","{""type"":""MultiPoint"",""coordinates"":[]}"
28_0_12,3026.701461,2013,39,classification_2013,Soy Beans,"{""type"":""MultiPoint"",""coordinates"":[]}"
28_0_13,563.8410142,2013,41,classification_2013,Mosaic of Crops,"{""type"":""MultiPoint"",""coordinates"":[]}"
28_0_14,24.48303004,2013,62,classification_2013,Cotton,"{""type"":""MultiPoint"",""coordinates"":[]}"
29_0_0,5455.147527,2014,3,classification_2014,Forest Formation,"{""type"":""MultiPoint"",""coordinates"":[]}"
29_0_1,5723.348473,2014,4,classification_2014,Savanna Formation,"{""type"":""MultiPoint"",""coordinates"":[]}"
29_0_2,156.3806574,2014,9,classification_2014,Forest Plantation,"{""type"":""MultiPoint"",""coordinates"":[]}"
29_0_3,635.1389778,2014,11,classification_2014,Wetland,"{""type"":""MultiPoint"",""coordinates"":[]}"
29_0_4,1124.891196,2014,12,classification_2014,"Grassland (Pastizal, Formación Herbácea)","{""type"":""MultiPoint"",""coordinates"":[]}"
29_0_5,8198.194337,2014,15,classification_2014,Pasture,"{""type"":""MultiPoint"",""coordinates"":[]}"
29_0_6,0.1574641967,2014,20,classification_2014,Sugar Cane,"{""type"":""MultiPoint"",""coordinates"":[]}"
29_0_7,2185.82326,2014,21,classification_2014,Mosaic of Agriculture and Pasture,"{""type"":""MultiPoint"",""coordinates"":[]}"
29_0_8,114.7473281,2014,24,classification_2014,Urban Infrastructure,"{""type"":""MultiPoint"",""coordinates"":[]}"
29_0_9,89.41303492,2014,25,classification_2014,Other Non Vegetated Area,"{""type"":""MultiPoint"",""coordinates"":[]}"
29_0_10,288.7139163,2014,29,classification_2014,Rocky outcrop,"{""type"":""MultiPoint"",""coordinates"":[]}"
29_0_11,144.1728751,2014,33,classification_2014,"River, Lake and Ocean","{""type"":""MultiPoint"",""coordinates"":[]}"
29_0_12,3065.820153,2014,39,classification_2014,Soy Beans,"{""type"":""MultiPoint"",""coordinates"":[]}"
29_0_13,508.9297732,2014,41,classification_2014,Mosaic of Crops,"{""type"":""MultiPoint"",""coordinates"":[]}"
29_0_14,34.14198958,2014,62,classification_2014,Cotton,"{""type"":""MultiPoint"",""coordinates"":[]}"
30_0_0,5464.424703,2015,3,classification_2015,Forest Formation,"{""type"":""MultiPoint"",""coordinates"":[]}"
30_0_1,5709.538061,2015,4,classification_2015,Savanna Formation,"{""type"":""MultiPoint"",""coordinates"":[]}"
30_0_2,169.6386856,2015,9,classification_2015,Forest Plantation,"{""type"":""MultiPoint"",""coordinates"":[]}"
30_0_3,534.5626611,2015,11,classification_2015,Wetland,"{""type"":""MultiPoint"",""coordinates"":[]}"
30_0_4,1224.110609,2015,12,classification_2015,"Grassland (Pastizal, Formación Herbácea)","{""type"":""MultiPoint"",""coordinates"":[]}"
30_0_5,8245.362216,2015,15,classification_2015,Pasture,"{""type"":""MultiPoint"",""coordinates"":[]}"
30_0_6,0.2417952428,2015,20,classification_2015,Sugar Cane,"{""type"":""MultiPoint"",""coordinates"":[]}"
30_0_7,2150.324512,2015,21,classification_2015,Mosaic of Agriculture and Pasture,"{""type"":""MultiPoint"",""coordinates"":[]}"
30_0_8,116.7576303,2015,24,classification_2015,Urban Infrastructure,"{""type"":""MultiPoint"",""coordinates"":[]}"
30_0_9,93.59084915,2015,25,classification_2015,Other Non Vegetated Area,"{""type"":""MultiPoint"",""coordinates"":[]}"
30_0_10,288.8469822,2015,29,classification_2015,Rocky outcrop,"{""type"":""MultiPoint"",""coordinates"":[]}"
30_0_11,137.4191296,2015,33,classification_2015,"River, Lake and Ocean","{""type"":""MultiPoint"",""coordinates"":[]}"
30_0_12,3127.863611,2015,39,classification_2015,Soy Beans,"{""type"":""MultiPoint"",""coordinates"":[]}"
30_0_13,436.615673,2015,41,classification_2015,Mosaic of Crops,"{""type"":""MultiPoint"",""coordinates"":[]}"
30_0_14,25.7238438,2015,62,classification_2015,Cotton,"{""type"":""MultiPoint"",""coordinates"":[]}"
31_0_0,5465.018312,2016,3,classification_2016,Forest Formation,"{""type"":""MultiPoint"",""coordinates"":[]}"
31_0_1,5661.869057,2016,4,classification_2016,Savanna Formation,"{""type"":""MultiPoint"",""coordinates"":[]}"
31_0_2,175.7328656,2016,9,classification_2016,Forest Plantation,"{""type"":""MultiPoint"",""coordinates"":[]}"
31_0_3,529.0739604,2016,11,classification_2016,Wetland,"{""type"":""MultiPoint"",""coordinates"":[]}"
31_0_4,1238.637464,2016,12,classification_2016,"Grassland (Pastizal, Formación Herbácea)","{""type"":""MultiPoint"",""coordinates"":[]}"
31_0_5,8304.490113,2016,15,classification_2016,Pasture,"{""type"":""MultiPoint"",""coordinates"":[]}"
31_0_6,0.160913432,2016,20,classification_2016,Sugar Cane,"{""type"":""MultiPoint"",""coordinates"":[]}"
31_0_7,2071.164934,2016,21,classification_2016,Mosaic of Agriculture and Pasture,"{""type"":""MultiPoint"",""coordinates"":[]}"
31_0_8,118.8401059,2016,24,classification_2016,Urban Infrastructure,"{""type"":""MultiPoint"",""coordinates"":[]}"
31_0_9,95.78622174,2016,25,classification_2016,Other Non Vegetated Area,"{""type"":""MultiPoint"",""coordinates"":[]}"
31_0_10,288.9550816,2016,29,classification_2016,Rocky outcrop,"{""type"":""MultiPoint"",""coordinates"":[]}"
31_0_11,131.4447023,2016,33,classification_2016,"River, Lake and Ocean","{""type"":""MultiPoint"",""coordinates"":[]}"
31_0_12,3171.436662,2016,39,classification_2016,Soy Beans,"{""type"":""MultiPoint"",""coordinates"":[]}"
31_0_13,439.2917013,2016,41,classification_2016,Mosaic of Crops,"{""type"":""MultiPoint"",""coordinates"":[]}"
31_0_14,33.118869,2016,62,classification_2016,Cotton,"{""type"":""MultiPoint"",""coordinates"":[]}"
32_0_0,5457.953542,2017,3,classification_2017,Forest Formation,"{""type"":""MultiPoint"",""coordinates"":[]}"
32_0_1,5667.884991,2017,4,classification_2017,Savanna Formation,"{""type"":""MultiPoint"",""coordinates"":[]}"
32_0_2,177.8248627,2017,9,classification_2017,Forest Plantation,"{""type"":""MultiPoint"",""coordinates"":[]}"
32_0_3,449.1070378,2017,11,classification_2017,Wetland,"{""type"":""MultiPoint"",""coordinates"":[]}"
32_0_4,1316.310566,2017,12,classification_2017,"Grassland (Pastizal, Formación Herbácea)","{""type"":""MultiPoint"",""coordinates"":[]}"
32_0_5,8331.647858,2017,15,classification_2017,Pasture,"{""type"":""MultiPoint"",""coordinates"":[]}"
32_0_6,0.1574705786,2017,20,classification_2017,Sugar Cane,"{""type"":""MultiPoint"",""coordinates"":[]}"
32_0_7,2008.463038,2017,21,classification_2017,Mosaic of Agriculture and Pasture,"{""type"":""MultiPoint"",""coordinates"":[]}"
32_0_8,121.0728845,2017,24,classification_2017,Urban Infrastructure,"{""type"":""MultiPoint"",""coordinates"":[]}"
32_0_9,97.27434641,2017,25,classification_2017,Other Non Vegetated Area,"{""type"":""MultiPoint"",""coordinates"":[]}"
32_0_10,288.932921,2017,29,classification_2017,Rocky outcrop,"{""type"":""MultiPoint"",""coordinates"":[]}"
32_0_11,123.9169805,2017,33,classification_2017,"River, Lake and Ocean","{""type"":""MultiPoint"",""coordinates"":[]}"
32_0_12,3231.496712,2017,39,classification_2017,Soy Beans,"{""type"":""MultiPoint"",""coordinates"":[]}"
32_0_13,440.0266987,2017,41,classification_2017,Mosaic of Crops,"{""type"":""MultiPoint"",""coordinates"":[]}"
32_0_14,12.95105484,2017,62,classification_2017,Cotton,"{""type"":""MultiPoint"",""coordinates"":[]}"
33_0_0,5457.258031,2018,3,classification_2018,Forest Formation,"{""type"":""MultiPoint"",""coordinates"":[]}"
33_0_1,5672.359331,2018,4,classification_2018,Savanna Formation,"{""type"":""MultiPoint"",""coordinates"":[]}"
33_0_2,179.0864065,2018,9,classification_2018,Forest Plantation,"{""type"":""MultiPoint"",""coordinates"":[]}"
33_0_3,600.2556864,2018,11,classification_2018,Wetland,"{""type"":""MultiPoint"",""coordinates"":[]}"
33_0_4,1143.398367,2018,12,classification_2018,"Grassland (Pastizal, Formación Herbácea)","{""type"":""MultiPoint"",""coordinates"":[]}"
33_0_5,8488.594357,2018,15,classification_2018,Pasture,"{""type"":""MultiPoint"",""coordinates"":[]}"
33_0_6,0.02581099866,2018,20,classification_2018,Sugar Cane,"{""type"":""MultiPoint"",""coordinates"":[]}"
33_0_7,1889.894133,2018,21,classification_2018,Mosaic of Agriculture and Pasture,"{""type"":""MultiPoint"",""coordinates"":[]}"
33_0_8,123.5998476,2018,24,classification_2018,Urban Infrastructure,"{""type"":""MultiPoint"",""coordinates"":[]}"
33_0_9,97.59968636,2018,25,classification_2018,Other Non Vegetated Area,"{""type"":""MultiPoint"",""coordinates"":[]}"
33_0_10,288.984565,2018,29,classification_2018,Rocky outcrop,"{""type"":""MultiPoint"",""coordinates"":[]}"
33_0_11,146.1594334,2018,33,classification_2018,"River, Lake and Ocean","{""type"":""MultiPoint"",""coordinates"":[]}"
33_0_12,3265.946049,2018,39,classification_2018,Soy Beans,"{""type"":""MultiPoint"",""coordinates"":[]}"
33_0_13,356.2559145,2018,41,classification_2018,Mosaic of Crops,"{""type"":""MultiPoint"",""coordinates"":[]}"
33_0_14,15.60334387,2018,62,classification_2018,Cotton,"{""type"":""MultiPoint"",""coordinates"":[]}"
34_0_0,5445.025357,2019,3,classification_2019,Forest Formation,"{""type"":""MultiPoint"",""coordinates"":[]}"
34_0_1,5626.017006,2019,4,classification_2019,Savanna Formation,"{""type"":""MultiPoint"",""coordinates"":[]}"
34_0_2,180.9108321,2019,9,classification_2019,Forest Plantation,"{""type"":""MultiPoint"",""coordinates"":[]}"
34_0_3,515.1250289,2019,11,classification_2019,Wetland,"{""type"":""MultiPoint"",""coordinates"":[]}"
34_0_4,1266.149851,2019,12,classification_2019,"Grassland (Pastizal, Formación Herbácea)","{""type"":""MultiPoint"",""coordinates"":[]}"
34_0_5,8566.181753,2019,15,classification_2019,Pasture,"{""type"":""MultiPoint"",""coordinates"":[]}"
34_0_6,0.01720606476,2019,20,classification_2019,Sugar Cane,"{""type"":""MultiPoint"",""coordinates"":[]}"
34_0_7,1806.84685,2019,21,classification_2019,Mosaic of Agriculture and Pasture,"{""type"":""MultiPoint"",""coordinates"":[]}"
34_0_8,125.0681492,2019,24,classification_2019,Urban Infrastructure,"{""type"":""MultiPoint"",""coordinates"":[]}"
34_0_9,97.15990711,2019,25,classification_2019,Other Non Vegetated Area,"{""type"":""MultiPoint"",""coordinates"":[]}"
34_0_10,289.1159381,2019,29,classification_2019,Rocky outcrop,"{""type"":""MultiPoint"",""coordinates"":[]}"
34_0_11,132.0257824,2019,33,classification_2019,"River, Lake and Ocean","{""type"":""MultiPoint"",""coordinates"":[]}"
34_0_12,3361.875622,2019,39,classification_2019,Soy Beans,"{""type"":""MultiPoint"",""coordinates"":[]}"
34_0_13,305.9384678,2019,41,classification_2019,Mosaic of Crops,"{""type"":""MultiPoint"",""coordinates"":[]}"
34_0_14,7.563212316,2019,62,classification_2019,Cotton,"{""type"":""MultiPoint"",""coordinates"":[]}"
35_0_0,5415.81227,2020,3,classification_2020,Forest Formation,"{""type"":""MultiPoint"",""coordinates"":[]}"
35_0_1,5587.606282,2020,4,classification_2020,Savanna Formation,"{""type"":""MultiPoint"",""coordinates"":[]}"
35_0_2,182.4216322,2020,9,classification_2020,Forest Plantation,"{""type"":""MultiPoint"",""coordinates"":[]}"
35_0_3,375.7063228,2020,11,classification_2020,Wetland,"{""type"":""MultiPoint"",""coordinates"":[]}"
35_0_4,1423.845094,2020,12,classification_2020,"Grassland (Pastizal, Formación Herbácea)","{""type"":""MultiPoint"",""coordinates"":[]}"
35_0_5,8587.490071,2020,15,classification_2020,Pasture,"{""type"":""MultiPoint"",""coordinates"":[]}"
35_0_6,0.04645818103,2020,20,classification_2020,Sugar Cane,"{""type"":""MultiPoint"",""coordinates"":[]}"
35_0_7,1837.318003,2020,21,classification_2020,Mosaic of Agriculture and Pasture,"{""type"":""MultiPoint"",""coordinates"":[]}"
35_0_8,126.2060513,2020,24,classification_2020,Urban Infrastructure,"{""type"":""MultiPoint"",""coordinates"":[]}"
35_0_9,98.76076675,2020,25,classification_2020,Other Non Vegetated Area,"{""type"":""MultiPoint"",""coordinates"":[]}"
35_0_10,289.2481409,2020,29,classification_2020,Rocky outcrop,"{""type"":""MultiPoint"",""coordinates"":[]}"
35_0_11,119.2477658,2020,33,classification_2020,"River, Lake and Ocean","{""type"":""MultiPoint"",""coordinates"":[]}"
35_0_12,3275.840728,2020,39,classification_2020,Soy Beans,"{""type"":""MultiPoint"",""coordinates"":[]}"
35_0_13,380.0822031,2020,41,classification_2020,Mosaic of Crops,"{""type"":""MultiPoint"",""coordinates"":[]}"
35_0_14,25.38917434,2020,62,classification_2020,Cotton,"{""type"":""MultiPoint"",""coordinates"":[]}"
36_0_0,5359.87397,2021,3,classification_2021,Forest Formation,"{""type"":""MultiPoint"",""coordinates"":[]}"
36_0_1,5574.944636,2021,4,classification_2021,Savanna Formation,"{""type"":""MultiPoint"",""coordinates"":[]}"
36_0_2,186.0562513,2021,9,classification_2021,Forest Plantation,"{""type"":""MultiPoint"",""coordinates"":[]}"
36_0_3,428.7863656,2021,11,classification_2021,Wetland,"{""type"":""MultiPoint"",""coordinates"":[]}"
36_0_4,1391.905784,2021,12,classification_2021,"Grassland (Pastizal, Formación Herbácea)","{""type"":""MultiPoint"",""coordinates"":[]}"
36_0_5,8478.78687,2021,15,classification_2021,Pasture,"{""type"":""MultiPoint"",""coordinates"":[]}"
36_0_6,0.03957580402,2021,20,classification_2021,Sugar Cane,"{""type"":""MultiPoint"",""coordinates"":[]}"
36_0_7,1954.184087,2021,21,classification_2021,Mosaic of Agriculture and Pasture,"{""type"":""MultiPoint"",""coordinates"":[]}"
36_0_8,128.0706044,2021,24,classification_2021,Urban Infrastructure,"{""type"":""MultiPoint"",""coordinates"":[]}"
36_0_9,106.0794985,2021,25,classification_2021,Other Non Vegetated Area,"{""type"":""MultiPoint"",""coordinates"":[]}"
36_0_10,289.2815746,2021,29,classification_2021,Rocky outcrop,"{""type"":""MultiPoint"",""coordinates"":[]}"
36_0_11,133.2097549,2021,33,classification_2021,"River, Lake and Ocean","{""type"":""MultiPoint"",""coordinates"":[]}"
36_0_12,3380.577417,2021,39,classification_2021,Soy Beans,"{""type"":""MultiPoint"",""coordinates"":[]}"
36_0_13,308.7149886,2021,41,classification_2021,Mosaic of Crops,"{""type"":""MultiPoint"",""coordinates"":[]}"
36_0_14,4.509583851,2021,62,classification_2021,Cotton,"{""type"":""MultiPoint"",""coordinates"":[]}"
37_0_0,5412.983115,2022,3,classification_2022,Forest Formation,"{""type"":""MultiPoint"",""coordinates"":[]}"
37_0_1,5431.214729,2022,4,classification_2022,Savanna Formation,"{""type"":""MultiPoint"",""coordinates"":[]}"
37_0_2,185.2151957,2022,9,classification_2022,Forest Plantation,"{""type"":""MultiPoint"",""coordinates"":[]}"
37_0_3,536.0261476,2022,11,classification_2022,Wetland,"{""type"":""MultiPoint"",""coordinates"":[]}"
37_0_4,1316.862838,2022,12,classification_2022,"Grassland (Pastizal, Formación Herbácea)","{""type"":""MultiPoint"",""coordinates"":[]}"
37_0_5,8340.918936,2022,15,classification_2022,Pasture,"{""type"":""MultiPoint"",""coordinates"":[]}"
37_0_6,0.041296255,2022,20,classification_2022,Sugar Cane,"{""type"":""MultiPoint"",""coordinates"":[]}"
37_0_7,2122.042237,2022,21,classification_2022,Mosaic of Agriculture and Pasture,"{""type"":""MultiPoint"",""coordinates"":[]}"
37_0_8,128.3135569,2022,24,classification_2022,Urban Infrastructure,"{""type"":""MultiPoint"",""coordinates"":[]}"
37_0_9,115.6129959,2022,25,classification_2022,Other Non Vegetated Area,"{""type"":""MultiPoint"",""coordinates"":[]}"
37_0_10,289.2343694,2022,29,classification_2022,Rocky outcrop,"{""type"":""MultiPoint"",""coordinates"":[]}"
37_0_11,133.4283095,2022,33,classification_2022,"River, Lake and Ocean","{""type"":""MultiPoint"",""coordinates"":[]}"
37_0_12,3429.829143,2022,39,classification_2022,Soy Beans,"{""type"":""MultiPoint"",""coordinates"":[]}"
37_0_13,258.1665376,2022,41,classification_2022,Mosaic of Crops,"{""type"":""MultiPoint"",""coordinates"":[]}"
37_0_14,25.13155616,2022,62,classification_2022,Cotton,"{""type"":""MultiPoint"",""coordinates"":[]}"
38_0_0,5386.789119,2023,3,classification_2023,Forest Formation,"{""type"":""MultiPoint"",""coordinates"":[]}"
38_0_1,5295.291932,2023,4,classification_2023,Savanna Formation,"{""type"":""MultiPoint"",""coordinates"":[]}"
38_0_2,185.1011058,2023,9,classification_2023,Forest Plantation,"{""type"":""MultiPoint"",""coordinates"":[]}"
38_0_3,585.7231234,2023,11,classification_2023,Wetland,"{""type"":""MultiPoint"",""coordinates"":[]}"
38_0_4,1284.742871,2023,12,classification_2023,"Grassland (Pastizal, Formación Herbácea)","{""type"":""MultiPoint"",""coordinates"":[]}"
38_0_5,8050.85486,2023,15,classification_2023,Pasture,"{""type"":""MultiPoint"",""coordinates"":[]}"
38_0_6,0.041296255,2023,20,classification_2023,Sugar Cane,"{""type"":""MultiPoint"",""coordinates"":[]}"
38_0_7,2518.455498,2023,21,classification_2023,Mosaic of Agriculture and Pasture,"{""type"":""MultiPoint"",""coordinates"":[]}"
38_0_8,131.1374828,2023,24,classification_2023,Urban Infrastructure,"{""type"":""MultiPoint"",""coordinates"":[]}"
38_0_9,151.5539512,2023,25,classification_2023,Other Non Vegetated Area,"{""type"":""MultiPoint"",""coordinates"":[]}"
38_0_10,289.304784,2023,29,classification_2023,Rocky outcrop,"{""type"":""MultiPoint"",""coordinates"":[]}"
38_0_11,130.8329661,2023,33,classification_2023,"River, Lake and Ocean","{""type"":""MultiPoint"",""coordinates"":[]}"
38_0_12,3441.267501,2023,39,classification_2023,Soy Beans,"{""type"":""MultiPoint"",""coordinates"":[]}"
38_0_13,248.7946322,2023,41,classification_2023,Mosaic of Crops,"{""type"":""MultiPoint"",""coordinates"":[]}"
38_0_14,25.12984048,2023,62,classification_2023,Cotton,"{""type"":""MultiPoint"",""coordinates"":[]}"